<DATE>	<OPEN>	<HIGH>	<LOW>	<CLOSE>	<TICKVOL>	<VOL>	<SPREAD>
2016.07.30	1.586	1.626	1.520	1.540	14671	0	0
2016.07.31	1.541	1.898	1.512	1.755	40678	0	0
2016.08.01	1.749	2.344	1.728	2.343	42446	0	0
2016.08.02	2.343	3.640	2.249	2.625	60195	0	0
2016.08.03	2.621	3.172	2.258	2.519	71283	0	0
2016.08.04	2.519	2.721	1.993	2.274	72511	0	0
2016.08.05	2.274	2.562	2.185	2.498	54562	0	0
2016.08.06	2.498	2.819	2.488	2.631	29427	0	0
2016.08.07	2.631	2.686	1.943	2.066	33923	0	0
2016.08.08	2.066	2.316	1.940	2.121	58036	0	0
2016.08.09	2.121	2.156	1.731	1.879	59983	0	0
2016.08.10	1.880	1.989	1.581	1.676	55038	0	0
2016.08.11	1.676	1.951	1.535	1.802	40268	0	0
2016.08.12	1.796	2.055	1.639	1.814	36076	0	0
2016.08.13	1.807	1.902	1.767	1.829	27845	0	0
2016.08.14	1.829	1.941	1.826	1.896	33733	0	0
2016.08.15	1.896	1.976	1.779	1.828	51226	0	0
2016.08.16	1.828	1.871	1.760	1.825	66706	0	0
2016.08.17	1.825	1.837	1.683	1.701	62304	0	0
2016.08.18	1.707	1.749	1.609	1.644	56615	0	0
2016.08.19	1.644	1.772	1.561	1.746	49498	0	0
2016.08.20	1.746	1.746	1.638	1.712	44578	0	0
2016.08.21	1.712	1.747	1.664	1.690	49248	0	0
2016.08.22	1.689	1.712	1.575	1.633	51347	0	0
2016.08.23	1.634	1.659	1.501	1.556	60620	0	0
2016.08.24	1.555	1.595	1.352	1.398	61668	0	0
2016.08.25	1.398	1.404	1.215	1.325	64460	0	0
2016.08.26	1.326	1.445	1.266	1.390	58665	0	0
2016.08.27	1.390	1.414	1.288	1.295	56104	0	0
2016.08.28	1.295	1.313	1.228	1.267	54035	0	0
2016.08.29	1.267	1.305	1.161	1.221	58053	0	0
2016.08.30	1.222	1.275	1.032	1.193	56924	0	0
2016.08.31	1.193	1.241	1.120	1.147	54431	0	0
2016.09.01	1.147	1.458	1.129	1.411	56297	0	0
2016.09.02	1.411	1.444	1.306	1.350	54188	0	0
2016.09.03	1.350	1.361	1.267	1.314	52033	0	0
2016.09.04	1.315	1.433	1.288	1.433	68920	0	0
2016.09.05	1.432	1.509	1.395	1.422	68363	0	0
2016.09.06	1.422	1.477	1.396	1.430	68973	0	0
2016.09.07	1.430	1.441	1.392	1.430	67625	0	0
2016.09.08	1.429	1.472	1.373	1.373	67853	0	0
2016.09.09	1.379	1.379	1.311	1.340	68480	0	0
2016.09.10	1.340	1.398	1.332	1.363	52151	0	0
2016.09.11	1.364	1.382	1.232	1.275	61931	0	0
2016.09.12	1.275	1.297	1.250	1.266	64043	0	0
2016.09.13	1.266	1.284	1.226	1.232	56256	0	0
2016.09.14	1.232	1.263	1.198	1.239	53217	0	0
2016.09.15	1.238	1.263	1.223	1.233	50704	0	0
2016.09.16	1.234	1.299	1.226	1.281	49957	0	0
2016.09.17	1.281	1.287	1.256	1.280	44672	0	0
2016.09.18	1.280	1.307	1.272	1.275	48770	0	0
2016.09.19	1.276	1.287	1.227	1.230	50455	0	0
2016.09.20	1.229	1.236	1.164	1.170	45001	0	0
2016.09.21	1.169	1.223	1.152	1.179	56191	0	0
2016.09.22	1.179	1.303	1.084	1.207	44389	0	0
2016.09.23	1.207	1.251	1.176	1.195	44433	0	0
2016.09.24	1.195	1.206	1.172	1.205	36550	0	0
2016.09.25	1.205	1.208	1.150	1.164	36420	0	0
2016.09.26	1.164	1.175	1.148	1.149	50252	0	0
2016.09.27	1.150	1.167	1.101	1.154	37979	0	0
2016.09.28	1.153	1.229	1.145	1.200	37565	0	0
2016.09.29	1.200	1.247	1.178	1.229	40443	0	0
2016.09.30	1.229	1.229	1.192	1.210	35988	0	0
2016.10.01	1.210	1.225	1.119	1.148	24071	0	0
2016.10.02	1.148	1.182	1.140	1.150	20418	0	0
2016.10.03	1.150	1.183	1.120	1.150	23545	0	0
2016.10.04	1.150	1.156	1.106	1.114	22133	0	0
2016.10.05	1.114	1.185	1.107	1.143	22789	0	0
2016.10.06	1.143	1.143	1.110	1.121	18743	0	0
2016.10.07	1.121	1.140	1.104	1.125	23120	0	0
2016.10.08	1.125	1.148	1.106	1.131	20121	0	0
2016.10.09	1.131	1.141	1.114	1.116	23003	0	0
2016.10.10	1.116	1.122	1.094	1.106	27284	0	0
2016.10.11	1.108	1.144	1.046	1.055	40717	0	0
2016.10.12	1.055	1.063	0.963	0.992	44983	0	0
2016.10.13	0.992	1.015	0.944	0.973	46770	0	0
2016.10.14	0.973	0.973	0.942	0.950	53015	0	0
2016.10.15	0.950	0.960	0.943	0.955	46749	0	0
2016.10.16	0.955	1.198	0.948	1.166	42727	0	0
2016.10.17	1.166	1.174	1.021	1.028	49239	0	0
2016.10.18	1.027	1.040	0.976	1.012	50600	0	0
2016.10.19	1.012	1.045	0.971	1.009	35149	0	0
2016.10.20	1.009	1.017	0.984	0.996	44477	0	0
2016.10.21	0.996	1.020	0.980	0.989	37598	0	0
2016.10.22	0.989	1.026	0.981	1.014	50510	0	0
2016.10.23	1.014	1.025	0.990	1.009	63339	0	0
2016.10.24	1.009	1.022	0.986	0.997	68149	0	0
2016.10.25	0.997	1.008	0.962	0.982	86197	0	0
2016.10.26	0.982	1.009	0.975	0.998	116141	0	0
2016.10.27	0.998	1.016	0.935	0.952	125921	0	0
2016.10.28	0.953	0.964	0.894	0.894	120877	0	0
2016.10.29	0.894	0.943	0.809	0.844	118296	0	0
2016.10.30	0.844	0.917	0.837	0.887	120370	0	0
2016.10.31	0.886	0.891	0.849	0.858	133232	0	0
2016.11.01	0.858	0.872	0.817	0.844	128543	0	0
2016.11.02	0.845	0.865	0.826	0.849	130914	0	0
2016.11.03	0.849	0.875	0.821	0.847	140753	0	0
2016.11.04	0.847	0.950	0.837	0.918	142335	0	0
2016.11.05	0.918	1.013	0.901	0.987	121884	0	0
2016.11.06	0.988	0.990	0.908	0.931	121195	0	0
2016.11.07	0.930	0.956	0.871	0.877	136267	0	0
2016.11.08	0.878	0.907	0.871	0.888	128889	0	0
2016.11.09	0.888	0.896	0.846	0.862	120688	0	0
2016.11.10	0.862	0.915	0.850	0.870	78942	0	0
2016.11.11	0.870	0.901	0.851	0.874	80134	0	0
2016.11.12	0.873	0.902	0.858	0.865	113605	0	0
2016.11.13	0.866	0.879	0.847	0.852	120944	0	0
2016.11.14	0.851	0.865	0.838	0.846	64371	0	0
2016.11.15	0.847	0.900	0.846	0.880	75725	0	0
2016.11.16	0.880	0.907	0.862	0.883	69409	0	0
2016.11.17	0.883	0.893	0.855	0.868	140000	0	0
2016.11.18	0.868	0.878	0.834	0.835	159439	0	0
2016.11.19	0.835	0.847	0.816	0.824	122175	0	0
2016.11.20	0.824	0.842	0.807	0.815	133269	0	0
2016.11.21	0.814	0.823	0.798	0.810	154977	0	0
2016.11.22	0.811	0.824	0.791	0.803	148151	0	0
2016.11.23	0.802	0.818	0.759	0.774	160351	0	0
2016.11.24	0.774	0.776	0.678	0.722	158971	0	0
2016.11.25	0.722	0.827	0.712	0.792	152658	0	0
2016.11.26	0.791	0.801	0.728	0.734	120263	0	0
2016.11.27	0.734	0.758	0.722	0.733	121952	0	0
2016.11.28	0.733	0.748	0.712	0.716	136437	0	0
2016.11.29	0.717	0.746	0.675	0.708	146376	0	0
2016.11.30	0.708	0.732	0.700	0.703	139680	0	0
2016.12.01	0.703	0.758	0.703	0.729	132315	0	0
2016.12.02	0.729	0.779	0.685	0.771	150446	0	0
2016.12.03	0.771	0.778	0.725	0.730	121298	0	0
2016.12.04	0.730	0.755	0.709	0.729	108521	0	0
2016.12.05	0.729	0.817	0.711	0.790	131405	0	0
2016.12.06	0.790	0.811	0.693	0.737	149667	0	0
2016.12.07	0.737	0.784	0.719	0.770	118414	0	0
2016.12.08	0.770	0.785	0.753	0.765	124424	0	0
2016.12.09	0.765	0.792	0.743	0.754	129855	0	0
2016.12.10	0.754	0.829	0.749	0.812	88657	0	0
2016.12.11	0.812	0.919	0.802	0.883	89404	0	0
2016.12.12	0.883	0.913	0.850	0.868	131158	0	0
2016.12.13	0.868	0.958	0.859	0.924	131350	0	0
2016.12.14	0.924	0.954	0.909	0.941	147266	0	0
2016.12.15	0.941	1.060	0.930	1.038	152187	0	0
2016.12.16	1.038	1.044	0.983	1.019	144335	0	0
2016.12.17	1.019	1.026	0.942	0.959	64449	0	0
2016.12.18	0.959	1.018	0.956	1.007	36391	0	0
2016.12.19	1.007	1.167	1.007	1.150	38410	0	0
2016.12.20	1.150	1.170	1.079	1.096	37518	0	0
2016.12.21	1.096	1.130	1.053	1.103	38721	0	0
2016.12.22	1.104	1.132	1.012	1.053	40541	0	0
2016.12.23	1.053	1.074	0.968	0.998	42027	0	0
2016.12.24	0.997	1.100	0.995	1.079	38687	0	0
2016.12.25	1.079	1.096	1.010	1.021	49458	0	0
2016.12.26	1.021	1.050	0.993	0.995	32988	0	0
2016.12.27	0.995	1.041	0.987	1.013	30161	0	0
2016.12.28	1.013	1.042	0.991	1.040	38416	0	0
2016.12.29	1.040	1.428	1.010	1.359	42180	0	0
2016.12.30	1.359	1.622	1.317	1.451	53002	0	0
2016.12.31	1.450	1.566	1.276	1.385	64887	0	0
2017.01.01	1.385	1.482	1.311	1.319	64354	0	0
2017.01.02	1.320	1.451	1.317	1.419	64068	0	0
2017.01.03	1.418	1.562	1.374	1.469	66085	0	0
2017.01.04	1.468	1.853	1.398	1.785	72063	0	0
2017.01.05	1.785	1.965	1.307	1.536	73594	0	0
2017.01.06	1.535	1.634	1.320	1.427	74938	0	0
2017.01.07	1.427	1.481	1.210	1.378	67771	0	0
2017.01.08	1.378	1.465	1.364	1.398	64540	0	0
2017.01.09	1.398	1.424	1.359	1.387	69471	0	0
2017.01.10	1.388	1.419	1.297	1.394	68906	0	0
2017.01.11	1.394	1.407	1.040	1.078	70918	0	0
2017.01.12	1.079	1.168	1.020	1.155	68838	0	0
2017.01.13	1.155	1.199	1.082	1.143	69252	0	0
2017.01.14	1.143	1.179	1.121	1.142	64587	0	0
2017.01.15	1.141	1.154	1.086	1.118	64611	0	0
2017.01.16	1.118	1.140	1.106	1.106	67140	0	0
2017.01.17	1.107	1.188	1.099	1.174	66720	0	0
2017.01.18	1.174	1.186	1.067	1.119	64661	0	0
2017.01.19	1.119	1.145	1.085	1.114	60979	0	0
2017.01.20	1.114	1.342	1.085	1.287	66473	0	0
2017.01.21	1.288	1.391	1.270	1.362	65050	0	0
2017.01.22	1.362	1.434	1.280	1.330	62283	0	0
2017.01.23	1.330	1.355	1.303	1.341	68776	0	0
2017.01.24	1.341	1.361	1.307	1.331	39587	0	0
2017.01.25	1.331	1.345	1.233	1.250	18488	0	0
2017.01.26	1.250	1.296	1.220	1.269	16536	0	0
2017.01.27	1.269	1.295	1.202	1.220	12998	0	0
2017.01.28	1.220	1.261	1.215	1.240	2392	0	0
2017.01.29	1.240	1.260	1.229	1.248	2123	0	0
2017.01.30	1.249	1.278	1.229	1.276	10602	0	0
2017.01.31	1.276	1.333	1.263	1.318	17247	0	0
2017.02.01	1.318	1.334	1.284	1.297	14486	0	0
2017.02.02	1.298	1.325	1.280	1.306	16360	0	0
2017.02.03	1.316	1.334	1.282	1.309	16601	0	0
2017.02.04	1.299	1.357	1.298	1.345	5548	0	0
2017.02.05	1.345	1.361	1.317	1.332	5424	0	0
2017.02.06	1.330	1.466	1.329	1.435	14677	0	0
2017.02.07	1.435	1.490	1.418	1.423	15842	0	0
2017.02.08	1.423	1.461	1.351	1.399	17141	0	0
2017.02.09	1.399	1.426	1.123	1.201	20822	0	0
2017.02.10	1.201	1.224	1.109	1.158	19451	0	0
2017.02.11	1.159	1.208	1.144	1.158	6488	0	0
2017.02.12	1.158	1.163	1.112	1.140	6807	0	0
2017.02.13	1.140	1.148	1.084	1.099	17715	0	0
2017.02.14	1.099	1.160	1.079	1.134	20344	0	0
2017.02.15	1.134	1.181	1.132	1.142	19576	0	0
2017.02.16	1.142	1.169	1.120	1.124	18836	0	0
2017.02.17	1.124	1.162	1.112	1.135	14820	0	0
2017.02.18	1.135	1.158	1.104	1.126	5410	0	0
2017.02.19	1.125	1.152	1.119	1.132	5644	0	0
2017.02.20	1.121	1.136	1.114	1.129	10450	0	0
2017.02.21	1.129	1.156	1.100	1.143	13885	0	0
2017.02.22	1.143	1.154	1.098	1.108	16776	0	0
2017.02.23	1.107	1.122	1.072	1.119	16150	0	0
2017.02.24	1.119	1.146	1.082	1.088	17931	0	0
2017.02.25	1.089	1.117	1.062	1.113	9073	0	0
2017.02.26	1.113	1.150	1.075	1.136	6802	0	0
2017.02.27	1.136	1.153	1.107	1.122	16581	0	0
2017.02.28	1.122	1.145	1.095	1.130	14950	0	0
2017.03.01	1.130	1.296	1.101	1.240	19230	0	0
2017.03.02	1.240	1.270	1.181	1.217	16962	0	0
2017.03.03	1.218	1.277	1.174	1.238	18998	0	0
2017.03.04	1.238	1.319	1.222	1.252	9935	0	0
2017.03.05	1.253	1.275	1.219	1.231	13625	0	0
2017.03.06	1.231	1.256	1.223	1.241	18267	0	0
2017.03.07	1.241	1.259	1.170	1.191	16990	0	0
2017.03.08	1.191	1.211	1.134	1.163	18187	0	0
2017.03.09	1.161	1.182	1.129	1.160	22553	0	0
2017.03.10	1.160	1.192	1.136	1.184	19842	0	0
2017.03.11	1.184	1.239	1.064	1.215	8386	0	0
2017.03.12	1.216	1.297	1.214	1.259	8134	0	0
2017.03.13	1.271	1.480	1.245	1.414	15018	0	0
2017.03.14	1.414	1.592	1.409	1.437	15767	0	0
2017.03.15	1.426	1.572	1.399	1.550	14397	0	0
2017.03.16	1.550	1.835	1.526	1.835	19673	0	0
2017.03.17	1.835	2.087	1.633	1.826	17818	0	0
2017.03.18	1.825	1.825	1.478	1.519	13234	0	0
2017.03.19	1.519	1.850	1.495	1.849	12529	0	0
2017.03.20	1.850	1.896	1.765	1.856	11579	0	0
2017.03.21	1.856	2.344	1.818	2.221	11443	0	0
2017.03.22	2.222	2.420	2.130	2.223	14130	0	0
2017.03.23	2.212	2.295	2.125	2.229	9305	0	0
2017.03.24	2.228	2.421	2.158	2.334	11810	0	0
2017.03.25	2.334	2.404	2.231	2.320	12751	0	0
2017.03.26	2.320	2.327	2.187	2.238	12190	0	0
2017.03.27	2.248	2.287	2.068	2.133	10975	0	0
2017.03.28	2.144	2.271	2.012	2.271	9237	0	0
2017.03.29	2.271	2.321	2.165	2.291	8651	0	0
2017.03.30	2.291	2.367	2.188	2.367	10348	0	0
2017.03.31	2.357	3.161	2.357	2.643	12925	0	0
2017.04.01	2.643	2.781	2.636	2.704	9231	0	0
2017.04.02	2.702	2.756	2.384	2.607	10294	0	0
2017.04.03	2.607	2.736	2.434	2.580	10080	0	0
2017.04.04	2.534	2.660	2.440	2.611	7810	0	0
2017.04.05	2.611	2.714	2.554	2.680	7838	0	0
2017.04.06	2.681	2.775	2.405	2.406	10577	0	0
2017.04.07	2.406	2.646	2.368	2.535	8057	0	0
2017.04.08	2.535	2.776	2.422	2.703	9725	0	0
2017.04.09	2.701	2.714	2.496	2.605	8648	0	0
2017.04.10	2.604	2.642	2.480	2.566	6801	0	0
2017.04.11	2.567	2.589	2.513	2.528	7519	0	0
2017.04.12	2.528	2.647	2.481	2.611	8706	0	0
2017.04.13	2.611	2.630	2.502	2.571	9402	0	0
2017.04.14	2.571	2.604	2.512	2.600	8726	0	0
2017.04.15	2.600	2.701	2.572	2.631	8287	0	0
2017.04.16	2.631	2.660	2.566	2.595	6234	0	0
2017.04.17	2.593	2.654	2.543	2.608	8941	0	0
2017.04.18	2.609	3.037	2.551	2.889	10054	0	0
2017.04.19	2.889	3.215	2.816	3.190	11075	0	0
2017.04.20	3.188	3.497	3.097	3.298	12380	0	0
2017.04.21	3.298	3.452	3.203	3.237	10450	0	0
2017.04.22	3.251	3.362	3.065	3.323	7617	0	0
2017.04.23	3.325	3.649	3.316	3.603	10689	0	0
2017.04.24	3.603	4.294	3.574	4.109	12757	0	0
2017.04.25	4.109	4.344	3.993	4.040	11132	0	0
2017.04.26	4.040	5.089	4.034	4.739	12425	0	0
2017.04.27	4.738	5.516	4.738	5.280	14601	0	0
2017.04.28	5.294	5.487	4.834	5.132	13682	0	0
2017.04.29	5.132	5.748	5.011	5.638	13227	0	0
2017.04.30	5.638	6.910	5.604	6.794	14193	0	0
2017.05.01	6.793	7.961	6.271	6.938	19186	0	0
2017.05.02	6.938	7.444	6.482	7.035	16353	0	0
2017.05.03	7.035	7.221	6.719	6.923	14828	0	0
2017.05.04	6.923	7.642	6.909	7.074	16817	0	0
2017.05.05	7.075	7.744	6.774	6.991	16997	0	0
2017.05.06	6.991	7.274	6.653	6.931	11003	0	0
2017.05.07	6.929	7.467	6.807	7.133	13095	0	0
2017.05.08	7.133	7.211	6.365	6.449	14442	0	0
2017.05.09	6.448	6.551	4.674	5.901	15930	0	0
2017.05.10	5.901	6.615	5.533	6.078	15970	0	0
2017.05.11	6.078	6.417	5.605	6.004	11748	0	0
2017.05.12	6.003	6.227	5.828	5.908	13403	0	0
2017.05.13	5.908	6.014	5.502	5.688	12415	0	0
2017.05.14	5.684	6.726	5.647	6.427	12097	0	0
2017.05.15	6.428	6.607	5.780	6.021	13787	0	0
2017.05.16	6.021	6.356	5.661	5.915	12411	0	0
2017.05.17	5.933	6.063	5.406	5.821	13152	0	0
2017.05.18	5.822	6.496	5.638	6.215	14091	0	0
2017.05.19	6.217	7.446	6.195	7.438	14754	0	0
2017.05.20	7.438	7.577	6.869	7.076	13361	0	0
2017.05.21	7.076	7.302	6.680	6.895	11409	0	0
2017.05.22	6.895	9.109	6.845	8.762	17154	0	0
2017.05.23	8.763	10.243	7.684	9.801	15351	0	0
2017.05.24	9.803	16.869	9.548	14.869	23220	0	0
2017.05.25	14.876	22.315	14.813	17.736	25256	0	0
2017.05.26	17.663	17.959	12.193	14.315	16045	0	0
2017.05.27	14.292	14.889	9.495	13.629	17264	0	0
2017.05.28	13.627	16.161	12.703	13.578	16870	0	0
2017.05.29	13.539	15.869	13.474	15.656	13651	0	0
2017.05.30	15.642	17.270	15.154	16.230	13969	0	0
2017.05.31	16.226	17.338	14.551	15.500	14467	0	0
2017.06.01	15.500	16.434	14.951	15.310	12448	0	0
2017.06.02	15.240	16.075	15.072	15.633	10582	0	0
2017.06.03	15.634	16.108	14.748	15.295	10000	0	0
2017.06.04	15.296	16.921	14.878	16.305	10963	0	0
2017.06.05	16.315	16.773	15.760	16.656	9693	0	0
2017.06.06	16.659	17.242	15.766	16.697	11613	0	0
2017.06.07	16.696	18.244	16.324	17.114	11776	0	0
2017.06.08	17.115	17.246	15.889	16.684	10196	0	0
2017.06.09	16.687	17.427	16.455	16.857	9369	0	0
2017.06.10	16.858	18.096	16.500	16.955	11645	0	0
2017.06.11	16.955	21.719	16.672	21.719	15251	0	0
2017.06.12	21.748	22.534	15.319	17.522	14950	0	0
2017.06.13	17.572	19.830	17.556	19.624	12833	0	0
2017.06.14	19.570	20.221	16.954	17.614	12374	0	0
2017.06.15	17.614	17.710	13.355	16.351	12359	0	0
2017.06.16	16.331	17.039	15.503	16.633	11024	0	0
2017.06.17	16.657	20.131	16.206	19.772	12407	0	0
2017.06.18	19.772	23.037	19.224	19.342	14829	0	0
2017.06.19	19.342	21.795	19.278	21.216	12820	0	0
2017.06.20	21.216	21.380	19.013	20.000	11647	0	0
2017.06.21	19.998	20.899	17.530	17.742	11767	0	0
2017.06.22	17.749	19.271	17.554	18.411	10690	0	0
2017.06.23	18.413	19.816	18.386	19.521	9233	0	0
2017.06.24	19.518	19.603	17.227	17.803	9253	0	0
2017.06.25	17.803	20.850	16.851	18.197	11044	0	0
2017.06.26	18.197	19.239	14.951	15.783	12135	0	0
2017.06.27	15.784	17.923	14.416	17.116	11486	0	0
2017.06.28	17.116	18.314	16.343	18.196	10971	0	0
2017.06.29	18.196	18.388	16.694	17.549	9560	0	0
2017.06.30	17.527	18.000	17.013	17.428	9795	0	0
2017.07.01	17.428	17.483	15.210	15.308	10080	0	0
2017.07.02	15.310	16.742	15.248	16.575	9570	0	0
2017.07.03	16.599	17.404	16.241	16.802	10425	0	0
2017.07.04	16.801	17.805	16.609	16.886	10256	0	0
2017.07.05	16.887	17.181	16.365	17.007	8608	0	0
2017.07.06	17.007	17.360	16.550	16.883	8898	0	0
2017.07.07	16.883	17.370	15.883	15.902	8072	0	0
2017.07.08	15.902	16.062	14.477	15.754	8383	0	0
2017.07.09	15.755	16.532	15.503	15.563	7609	0	0
2017.07.10	15.562	16.480	14.388	14.634	9131	0	0
2017.07.11	14.634	14.897	12.134	13.128	12194	0	0
2017.07.12	13.133	19.181	12.836	18.304	13503	0	0
2017.07.13	18.303	19.271	16.045	16.746	11893	0	0
2017.07.14	16.746	17.625	15.627	15.860	9180	0	0
2017.07.15	15.857	16.772	14.322	14.790	10649	0	0
2017.07.16	14.755	15.193	12.823	13.066	10685	0	0
2017.07.17	13.066	15.251	12.968	14.750	11172	0	0
2017.07.18	14.758	16.159	14.232	15.715	95498	0	0
2017.07.19	15.715	16.190	14.293	14.551	87349	0	0
2017.07.20	14.545	16.238	14.029	16.116	149837	0	0
2017.07.21	16.117	17.613	15.508	15.805	102568	0	0
2017.07.22	15.805	16.762	15.787	16.632	9192	0	0
2017.07.23	16.632	16.971	15.611	16.194	8573	0	0
2017.07.24	16.195	16.334	15.760	15.963	91195	0	0
2017.07.25	15.956	16.096	14.099	14.106	101573	0	0
2017.07.26	14.106	14.846	14.025	14.377	121268	0	0
2017.07.27	14.377	14.710	14.236	14.359	122844	0	0
2017.07.28	14.362	14.640	13.732	14.139	109908	0	0
2017.07.29	14.143	14.222	13.191	13.865	8611	0	0
2017.07.30	13.862	14.447	13.487	13.768	8872	0	0
2017.07.31	13.768	13.954	13.302	13.725	94101	0	0
2017.08.01	13.724	14.774	13.382	14.678	98778	0	0
2017.08.02	14.679	15.240	14.254	14.338	100869	0	0
2017.08.03	14.339	15.384	14.205	15.201	111307	0	0
2017.08.04	15.202	15.318	14.800	14.821	102513	0	0
2017.08.05	14.823	15.896	14.753	15.560	8887	0	0
2017.08.06	15.562	16.128	15.327	15.437	9073	0	0
2017.08.07	15.437	15.614	15.007	15.118	75643	0	0
2017.08.08	15.117	15.491	14.810	15.408	84386	0	0
2017.08.09	15.407	16.190	14.980	15.339	111074	0	0
2017.08.10	15.343	15.568	15.074	15.179	103251	0	0
2017.08.11	15.178	15.364	14.801	14.917	103592	0	0
2017.08.12	14.917	15.207	14.370	14.489	9251	0	0
2017.08.13	14.490	14.569	13.637	13.922	10529	0	0
2017.08.14	13.923	14.423	13.707	13.827	76938	0	0
2017.08.15	13.827	13.957	12.934	13.190	90753	0	0
2017.08.16	13.190	14.284	13.076	13.861	99374	0	0
2017.08.17	13.860	14.122	13.444	13.699	106206	0	0
2017.08.18	13.700	14.258	13.215	13.242	94975	0	0
2017.08.19	13.241	13.884	12.905	13.473	7467	0	0
2017.08.20	13.445	14.074	13.179	13.824	6904	0	0
2017.08.21	13.827	14.836	13.611	14.419	67355	0	0
2017.08.22	14.419	15.038	13.238	14.214	76996	0	0
2017.08.23	14.215	16.545	14.010	15.251	93515	0	0
2017.08.24	15.249	15.868	14.992	15.142	87749	0	0
2017.08.25	15.139	15.379	14.861	15.000	132292	0	0
2017.08.26	15.001	15.234	14.776	15.160	6559	0	0
2017.08.27	15.160	16.209	15.000	16.201	7889	0	0
2017.08.28	16.201	16.261	15.383	15.574	82773	0	0
2017.08.29	15.574	15.997	15.449	15.821	143142	0	0
2017.08.30	15.821	15.968	15.639	15.733	119070	0	0
2017.08.31	15.734	16.484	15.672	16.334	126999	0	0
2017.09.01	16.319	21.634	16.262	21.194	173529	0	0
2017.09.02	21.194	24.083	18.175	18.392	14131	0	0
2017.09.03	18.393	20.676	17.908	19.068	9564	0	0
2017.09.04	19.068	19.421	15.687	16.887	93600	0	0
2017.09.05	16.850	17.354	15.080	16.945	130509	0	0
2017.09.06	16.966	18.620	16.675	18.344	135223	0	0
2017.09.07	18.348	19.210	17.907	18.008	174573	0	0
2017.09.08	18.009	18.555	15.033	16.131	41634	0	180
2017.09.11	15.594	15.884	14.576	15.031	34813	0	180
2017.09.12	15.033	16.045	14.547	14.775	57850	0	0
2017.09.13	14.774	15.102	13.284	14.165	32254	0	180
2017.09.14	14.166	14.373	10.808	11.203	26925	0	180
2017.09.15	11.203	11.932	8.216	11.658	19777	0	180
2017.09.18	11.149	12.069	10.786	11.620	31039	0	180
2017.09.19	11.753	12.140	11.080	11.146	33778	0	180
2017.09.20	11.148	11.619	10.914	11.318	68491	0	180
2017.09.21	11.314	11.456	9.746	9.939	38004	0	180
2017.09.22	9.956	10.480	9.564	9.862	44187	0	180
2017.09.25	10.302	11.044	10.132	10.769	35585	0	180
2017.09.26	10.770	12.073	10.601	11.640	36890	0	180
2017.09.27	11.615	13.213	11.329	12.837	29418	0	180
2017.09.28	12.837	13.830	12.607	12.774	26691	0	180
2017.09.29	12.774	13.638	11.999	12.693	30189	0	180
2017.10.02	12.670	12.889	12.285	12.326	34034	0	180
2017.10.03	12.367	12.421	11.650	11.827	38493	0	180
2017.10.04	11.827	12.284	11.716	11.723	33066	0	180
2017.10.05	11.723	11.968	11.346	11.866	30070	0	180
2017.10.06	11.906	12.310	11.720	11.990	33947	0	180
2017.10.09	12.208	12.210	10.779	11.128	23792	0	180
2017.10.10	11.128	11.596	10.931	11.419	33829	0	180
2017.10.11	11.418	11.518	11.177	11.277	36580	0	180
2017.10.12	11.277	11.843	11.237	11.531	41380	0	180
2017.10.13	11.536	12.298	11.157	12.032	30119	0	180
2017.10.16	11.593	12.086	11.593	11.767	35697	0	180
2017.10.17	11.768	12.367	11.545	11.677	37062	0	180
2017.10.18	11.676	11.793	10.493	11.169	28555	0	180
2017.10.19	11.130	11.408	11.036	11.113	44458	0	180
2017.10.20	11.146	11.321	10.985	11.056	55970	0	180
2017.10.23	10.499	10.578	9.535	10.052	27906	0	180
2017.10.24	10.052	10.870	9.467	10.466	32889	0	180
2017.10.25	10.466	10.494	9.979	10.337	31660	0	180
2017.10.26	10.336	10.546	10.149	10.265	42025	0	180
2017.10.27	10.266	10.420	10.078	10.168	45719	0	180
2017.10.30	10.770	10.885	10.600	10.666	39787	0	180
2017.10.31	10.667	10.788	10.433	10.459	20628	0	180
2017.11.01	10.460	10.510	10.210	10.219	20140	0	180
2017.11.02	10.221	10.251	9.174	9.801	15497	0	180
2017.11.03	9.801	12.305	9.700	11.214	14587	0	180
2017.11.06	13.067	15.121	12.885	14.475	13302	0	180
2017.11.07	14.490	14.589	13.028	13.315	17163	0	180
2017.11.08	13.314	13.995	12.983	13.592	15747	0	180
2017.11.09	13.592	14.420	13.482	13.852	20141	0	180
2017.11.10	13.851	15.253	13.357	14.320	13995	0	180
2017.11.13	14.891	16.224	13.844	15.304	14451	0	180
2017.11.14	15.304	18.310	15.296	16.995	16319	0	180
2017.11.15	17.019	17.735	16.473	16.668	18761	0	180
2017.11.16	16.669	17.130	15.975	16.666	19691	0	180
2017.11.17	16.682	17.447	16.226	16.962	17614	0	180
2017.11.20	17.748	18.801	17.692	18.602	24278	0	180
2017.11.21	18.603	18.675	17.000	17.817	19534	0	180
2017.11.22	17.819	17.947	17.453	17.805	19018	0	180
2017.11.23	17.805	18.692	17.503	18.375	15517	0	180
2017.11.24	18.375	20.367	17.493	19.976	17826	0	180
2017.11.27	21.450	25.746	20.670	25.463	16126	0	180
2017.11.28	25.464	32.883	24.390	31.179	18100	0	180
2017.11.29	31.179	32.229	21.651	25.730	19319	0	180
2017.11.30	25.610	26.990	21.386	25.677	19020	0	201
2017.12.01	25.677	29.758	23.941	29.574	21419	0	201
2017.12.04	28.105	29.454	27.428	28.844	25000	0	203
2017.12.05	28.844	29.170	27.559	28.471	21452	0	205
2017.12.06	28.471	28.991	25.252	25.356	19535	0	201
2017.12.07	25.355	27.712	22.960	24.299	19600	0	201
2017.12.08	24.302	26.413	21.862	25.866	19456	0	201
2017.12.11	25.072	28.352	24.583	26.401	17301	0	201
2017.12.12	26.401	31.560	25.690	26.755	17142	0	201
2017.12.13	26.756	33.493	24.433	26.574	17850	0	480
2017.12.14	26.569	32.678	26.461	30.481	19129	0	480
2017.12.15	30.481	31.813	24.276	29.908	18857	0	480
2017.12.18	33.842	39.200	28.184	35.868	19662	0	480
2017.12.19	35.868	41.994	32.094	32.288	19939	0	480
2017.12.20	32.288	40.779	30.570	35.358	17644	0	480
2017.12.21	35.172	41.617	30.826	32.886	17985	0	480
2017.12.22	32.886	37.667	18.217	25.484	21165	0	480
2017.12.25	25.732	29.086	22.610	24.846	10244	0	480
2017.12.26	24.847	30.137	24.454	26.210	15347	0	480
2017.12.27	26.210	30.393	24.426	25.278	17615	0	480
2017.12.28	25.279	28.627	21.847	22.836	18273	0	480
2017.12.29	22.850	28.411	22.771	23.731	16931	0	480
2018.01.01	25.935	30.699	21.910	27.235	11774	0	480
2018.01.02	30.264	33.658	25.801	31.441	19155	0	480
2018.01.03	31.442	32.262	26.800	31.555	17239	0	480
2018.01.04	31.559	36.511	27.400	31.018	17588	0	480
2018.01.05	34.041	34.955	27.838	31.435	18436	0	480
2018.01.08	31.728	37.659	24.577	31.103	18823	0	480
2018.01.09	31.103	36.708	27.808	33.037	17779	0	480
2018.01.10	32.982	37.974	30.326	33.873	18807	0	480
2018.01.11	33.873	37.148	26.967	29.571	19909	0	480
2018.01.12	29.571	34.768	27.800	32.031	20937	0	480
2018.01.15	40.011	42.995	36.973	38.488	21939	0	480
2018.01.16	38.228	41.248	22.093	22.198	19766	0	480
2018.01.17	22.210	29.038	18.722	26.682	26567	0	920
2018.01.18	26.669	31.936	24.114	26.683	19701	0	920
2018.01.19	29.817	33.355	25.009	30.743	19924	0	920
2018.01.22	25.948	32.165	23.133	23.656	18757	0	920
2018.01.23	23.656	29.596	22.800	25.815	19438	0	920
2018.01.24	25.815	29.515	24.578	26.197	24670	0	920
2018.01.25	26.196	29.814	25.350	25.827	33563	0	920
2018.01.26	25.827	28.952	23.252	24.860	22875	0	920
2018.01.29	29.477	32.739	27.121	27.857	25123	0	920
2018.01.30	27.857	30.811	23.461	24.195	26078	0	920
2018.01.31	26.913	27.781	22.776	24.240	28018	0	920
2018.02.01	27.040	28.356	20.592	21.991	24424	0	920
2018.02.02	21.994	24.842	15.425	21.726	20055	0	920
2018.02.05	17.189	20.896	12.434	13.834	21538	0	920
2018.02.06	13.921	18.819	10.739	18.571	19225	0	920
2018.02.07	18.570	19.892	14.186	16.157	21555	0	920
2018.02.08	16.157	21.435	14.835	18.009	23617	0	920
2018.02.09	18.009	25.594	17.551	21.610	22113	0	920
2018.02.12	24.866	28.989	20.374	25.989	18724	0	920
2018.02.13	25.984	33.506	24.578	30.117	17730	0	920
2018.02.14	30.117	35.227	28.990	30.056	21207	0	920
2018.02.15	30.056	34.806	28.632	30.515	21451	0	920
2018.02.16	30.515	34.468	28.880	33.832	23970	0	920
2018.02.19	33.439	38.735	29.840	35.467	17344	0	920
2018.02.20	35.467	42.326	35.137	35.768	18462	0	920
2018.02.21	35.801	38.533	29.668	29.707	19362	0	920
2018.02.22	29.707	35.421	26.966	28.080	18053	0	920
2018.02.23	30.848	36.028	27.021	33.640	17953	0	920
2018.02.26	34.405	35.744	30.167	32.322	20046	0	920
2018.02.27	32.338	36.543	31.490	35.787	23897	0	920
2018.02.28	32.930	35.899	29.750	30.301	23994	0	920
2018.03.01	30.300	34.251	28.328	30.301	30553	0	920
2018.03.02	30.307	33.398	26.815	28.227	23190	0	920
2018.03.05	28.579	29.689	23.085	23.699	21219	0	920
2018.03.06	23.699	26.895	21.654	22.284	23614	0	920
2018.03.07	22.238	24.861	17.307	18.622	23327	0	920
2018.03.08	21.278	24.323	17.611	19.464	16794	0	920
2018.03.09	19.463	22.519	16.810	17.921	18937	0	920
2018.03.12	20.935	21.233	16.620	16.997	20814	0	920
2018.03.13	16.997	20.296	16.312	16.378	19527	0	920
2018.03.14	16.379	19.697	12.803	12.871	22073	0	920
2018.03.15	12.909	18.457	12.477	15.561	15628	0	920
2018.03.16	15.561	18.397	13.873	14.807	22464	0	920
2018.03.19	16.501	18.354	12.986	15.132	20634	0	920
2018.03.20	15.130	20.415	14.526	20.066	17982	0	920
2018.03.21	20.066	20.841	15.894	19.248	20805	0	920
2018.03.22	19.248	20.089	15.115	15.734	21319	0	920
2018.03.23	15.734	19.299	14.684	15.343	23442	0	920
2018.03.26	17.677	17.878	12.142	12.388	17761	0	920
2018.03.27	12.398	16.561	11.999	13.286	15590	0	920
2018.03.28	15.973	16.285	12.493	12.797	22995	0	920
2018.03.29	15.558	15.855	11.600	11.600	17227	0	920
2018.03.30	11.600	14.565	10.511	11.031	18425	0	920
2018.04.02	13.336	13.812	10.227	10.554	13434	0	920
2018.04.03	10.554	14.741	10.554	11.784	12606	0	920
2018.04.04	11.764	14.640	10.144	10.439	8038	0	920
2018.04.05	10.416	13.280	9.929	10.316	7141	0	920
2018.04.06	10.321	13.358	9.794	9.901	9250	0	920
2018.04.09	10.807	14.037	10.018	10.137	8330	0	920
2018.04.10	12.909	13.222	10.038	10.378	8663	0	920
2018.04.11	10.379	13.631	10.339	13.548	7952	0	920
2018.04.12	13.549	15.029	10.499	12.209	7878	0	920
2018.04.13	12.209	16.249	12.172	12.592	11217	0	920
2018.04.16	16.148	16.457	12.367	15.470	10357	0	920
2018.04.17	15.469	16.339	12.635	15.649	12522	0	920
2018.04.18	15.656	17.194	12.835	14.264	10485	0	920
2018.04.19	17.076	17.875	14.199	14.878	12484	0	920
2018.04.20	14.878	18.907	14.623	16.006	12554	0	920
2018.04.23	18.571	20.281	15.397	17.094	11102	0	920
2018.04.24	19.942	21.904	17.035	18.966	11578	0	920
2018.04.25	18.961	22.369	14.866	16.096	10234	0	920
2018.04.26	16.194	20.702	14.918	17.744	12775	0	920
2018.04.27	17.727	21.483	16.922	17.028	11404	0	920
2018.04.30	18.338	22.416	18.204	21.612	10579	0	920
2018.05.01	21.611	21.611	17.289	20.706	10359	0	920
2018.05.02	20.705	21.220	17.687	18.300	14716	0	920
2018.05.03	18.289	22.946	18.146	22.482	12192	0	920
2018.05.04	22.481	22.835	18.447	19.200	11286	0	920
2018.05.07	21.058	25.133	19.294	20.520	9294	0	920
2018.05.08	23.298	23.299	18.714	19.148	13678	0	920
2018.05.09	19.110	22.148	16.979	20.984	12052	0	920
2018.05.10	20.983	21.246	16.828	17.092	15525	0	920
2018.05.11	17.092	19.874	13.807	14.569	9719	0	920
2018.05.14	15.598	18.638	14.129	15.676	10431	0	920
2018.05.15	15.653	19.390	14.987	15.223	11580	0	920
2018.05.16	15.224	17.952	13.659	16.917	15663	0	920
2018.05.17	16.918	17.839	13.986	16.899	10972	0	920
2018.05.18	16.894	17.688	13.407	14.836	11571	0	920
2018.05.21	17.738	17.823	14.261	17.268	15502	0	920
2018.05.22	17.266	17.277	13.494	16.214	14603	0	920
2018.05.23	13.507	16.212	11.334	11.907	12598	0	920
2018.05.24	11.909	15.091	11.154	14.964	11179	0	920
2018.05.25	14.966	15.262	11.650	11.760	12642	0	920
2018.05.28	11.785	15.073	11.350	14.181	10670	0	920
2018.05.29	14.182	15.025	10.925	12.168	19202	0	920
2018.05.30	12.168	15.054	11.534	11.765	9747	0	920
2018.05.31	11.765	15.092	11.752	12.174	10498	0	920
2018.06.01	12.174	15.004	11.950	12.005	9819	0	920
2018.06.04	12.980	15.912	11.929	12.038	7910	0	920
2018.06.05	12.038	15.039	11.615	12.243	8135	0	920
2018.06.06	12.244	15.165	11.738	11.989	7949	0	920
2018.06.07	11.989	14.977	11.931	11.962	8950	0	920
2018.06.08	11.962	15.139	11.880	15.012	8184	0	920
2018.06.11	9.864	12.634	8.863	12.084	6316	0	920
2018.06.12	12.084	15.713	9.346	11.494	8529	0	920
2018.06.13	11.252	14.380	9.716	10.499	6523	0	920
2018.06.14	10.499	13.839	10.009	13.724	6930	0	920
2018.06.15	13.724	13.755	10.437	10.699	6937	0	920
2018.06.18	11.083	15.032	10.811	14.767	6739	0	920
2018.06.19	14.768	15.320	11.749	14.786	9372	0	920
2018.06.20	14.784	16.160	11.634	13.261	8171	0	920
2018.06.21	13.244	17.343	13.173	14.508	9811	0	920
2018.06.22	14.509	17.369	11.428	11.591	9565	0	920
2018.06.25	11.790	15.621	11.421	12.529	7333	0	720
2018.06.26	12.512	15.634	12.110	12.311	7664	0	720
2018.06.27	15.155	15.334	10.974	14.990	8155	0	720
2018.06.28	14.986	15.296	11.646	11.787	9027	0	720
2018.06.29	11.791	14.550	11.057	11.435	7228	0	720
2018.07.02	12.752	16.578	12.490	13.553	9441	0	720
2018.07.03	13.558	16.779	13.032	13.262	9536	0	720
2018.07.04	13.264	17.038	12.571	16.839	9132	0	720
2018.07.05	16.838	16.944	13.514	13.729	9176	0	720
2018.07.06	13.722	17.972	13.625	17.749	9441	0	720
2018.07.09	18.099	18.338	15.000	17.494	12953	0	720
2018.07.10	17.494	18.246	15.541	15.859	8990	0	720
2018.07.11	15.859	16.514	14.768	15.221	10078	0	720
2018.07.12	15.221	16.101	14.799	15.052	8846	0	720
2018.07.13	15.051	16.416	14.820	15.385	9477	0	720
2018.07.16	15.958	17.154	15.798	16.658	9591	0	720
2018.07.17	16.658	17.789	16.178	17.170	10823	0	720
2018.07.18	17.539	18.009	16.415	16.545	13237	0	720
2018.07.19	16.545	17.440	16.340	16.629	12733	0	720
2018.07.20	16.629	17.235	15.016	15.237	10703	0	720
2018.07.23	16.116	16.315	15.186	15.195	9088	0	720
2018.07.24	15.186	16.489	15.040	15.683	9385	0	720
2018.07.25	15.683	16.489	15.401	15.973	8533	0	720
2018.07.26	15.973	16.958	15.765	16.249	10851	0	720
2018.07.27	16.249	16.789	15.617	16.738	7679	0	720
2018.07.30	16.465	17.009	15.898	16.485	10993	0	720
2018.07.31	16.486	16.867	15.720	15.864	8950	0	720
2018.08.01	15.865	16.289	14.223	14.303	8510	0	720
2018.08.02	14.303	15.197	13.852	14.206	7479	0	720
2018.08.03	14.206	16.278	13.426	16.049	6553	0	720
2018.08.06	16.669	18.192	16.413	17.705	8153	0	720
2018.08.07	18.068	19.987	16.449	16.457	9888	0	720
2018.08.08	16.457	16.954	14.129	14.337	7776	0	720
2018.08.09	14.343	14.973	13.615	14.692	7106	0	720
2018.08.10	14.693	14.973	13.816	13.868	8693	0	720
2018.08.13	12.917	13.043	11.703	11.750	7051	0	720
2018.08.14	12.112	12.117	9.391	10.581	7947	0	424
2018.08.15	10.574	12.389	10.457	11.980	7388	0	423
2018.08.16	11.847	14.688	11.606	13.999	7650	0	421
2018.08.17	14.012	14.272	12.814	13.720	7297	0	422
2018.08.20	13.226	13.340	12.258	12.289	5992	0	423
2018.08.21	12.289	12.643	11.494	12.331	6370	0	422
2018.08.22	12.358	13.220	11.686	11.802	6175	0	423
2018.08.23	11.790	12.273	11.669	12.050	17076	0	422
2018.08.24	12.058	12.405	12.004	12.253	10315	0	423
2018.08.27	12.124	12.405	12.095	12.191	5453	0	422
2018.08.28	12.191	13.147	12.026	12.994	6147	0	421
2018.08.29	12.994	13.109	12.561	12.844	6135	0	422
2018.08.30	12.844	12.907	12.207	12.542	5703	0	422
2018.08.31	12.541	12.729	12.289	12.584	5816	0	424
2018.09.03	12.964	14.304	12.950	13.995	6709	0	424
2018.09.04	13.995	14.012	13.532	13.709	6457	0	423
2018.09.05	13.721	13.852	11.822	12.148	6809	0	421
2018.09.06	12.148	12.194	10.872	11.508	6915	0	422
2018.09.07	11.508	12.015	11.179	11.481	6819	0	426
2018.09.10	11.197	11.218	10.707	11.091	7562	0	424
2018.09.11	11.091	11.247	10.641	10.789	6925	0	436
2018.09.12	10.789	11.045	9.925	10.330	7466	0	431
2018.09.13	10.355	11.100	10.328	10.760	6724	0	427
2018.09.14	10.760	11.140	10.675	10.878	7664	0	435
2018.09.17	10.947	11.081	9.803	9.899	6770	0	428
2018.09.18	9.892	10.600	9.892	10.339	9336	0	425
2018.09.19	10.346	10.932	10.056	10.663	10514	0	428
2018.09.20	10.663	10.684	10.375	10.482	12725	0	427
2018.09.21	10.496	11.563	10.454	11.330	8093	0	423
2018.09.24	11.247	11.395	10.776	10.939	7403	0	425
2018.09.25	10.940	11.116	10.193	10.890	8173	0	428
2018.09.26	10.891	11.090	10.605	10.939	9520	0	433
2018.09.27	10.940	11.278	10.518	11.185	8599	0	425
2018.09.28	11.186	11.373	10.871	11.063	7917	0	370
2018.10.01	11.043	11.204	10.866	11.040	9069	0	370
2018.10.02	11.039	11.202	10.912	10.944	9704	0	370
2018.10.03	10.981	11.010	10.646	10.811	10016	0	370
2018.10.04	10.812	11.049	10.735	10.873	9242	0	370
2018.10.05	10.903	10.976	10.790	10.810	8404	0	370
2018.10.08	10.648	10.885	10.610	10.791	9340	0	370
2018.10.09	10.854	10.860	10.637	10.681	13569	0	370
2018.10.10	10.756	10.782	10.538	10.726	10548	0	370
2018.10.11	10.725	10.742	9.446	9.583	11727	0	370
2018.10.12	9.610	9.645	8.843	9.285	12119	0	370
2018.10.15	9.449	10.812	9.167	9.694	9387	0	370
2018.10.16	9.694	9.937	9.642	9.728	10897	0	370
2018.10.17	9.728	10.131	9.646	9.917	12011	0	370
2018.10.18	9.914	9.958	9.554	9.616	15161	0	370
2018.10.19	9.617	9.663	9.472	9.537	15139	0	370
2018.10.22	9.638	10.155	9.520	9.986	11717	0	370
2018.10.23	9.985	10.131	9.679	9.784	15006	0	370
2018.10.24	9.717	9.872	9.602	9.715	16022	0	370
2018.10.25	9.717	9.717	9.498	9.592	16337	0	370
2018.10.26	9.591	9.635	9.440	9.558	16327	0	370
2018.10.29	9.432	9.562	8.755	8.842	14246	0	370
2018.10.30	8.841	9.014	8.714	8.782	13654	0	370
2018.10.31	8.783	8.932	8.585	8.839	9908	0	370
2018.11.01	8.889	8.937	8.757	8.867	13413	0	370
2018.11.02	8.908	9.056	8.844	8.943	9748	0	370
2018.11.05	9.351	9.379	9.118	9.214	10657	0	370
2018.11.06	9.210	9.692	9.140	9.642	10984	0	370
2018.11.07	9.643	9.833	9.409	9.521	12068	0	370
2018.11.08	9.519	9.566	9.267	9.431	10963	0	310
2018.11.09	9.431	9.515	9.274	9.338	11225	0	319
2018.11.12	9.033	9.228	9.003	9.085	9989	0	303
2018.11.13	9.085	9.124	8.945	9.000	10312	0	305
2018.11.14	9.001	9.278	6.935	7.768	10967	0	303
2018.11.15	7.768	8.004	7.050	7.567	12149	0	312
2018.11.16	7.567	7.751	7.344	7.361	11910	0	322
2018.11.19	7.287	7.341	6.003	6.157	9112	0	313
2018.11.20	6.157	6.359	4.993	5.546	8185	0	303
2018.11.21	5.546	5.818	5.228	5.539	9565	0	312
2018.11.22	5.540	5.705	5.455	5.508	8664	0	306
2018.11.23	5.508	5.601	4.870	5.120	7467	0	185
2018.11.26	4.708	4.796	4.083	4.176	6829	0	311
2018.11.27	4.164	4.560	4.074	4.470	7888	0	311
2018.11.28	4.473	4.967	4.402	4.851	9272	0	311
2018.11.29	4.851	4.934	4.627	4.707	9155	0	312
2018.11.30	4.728	4.844	4.351	4.412	7558	0	306
2018.12.03	5.192	5.200	4.415	4.448	7599	0	310
2018.12.04	4.467	4.650	4.236	4.285	7976	0	306
2018.12.05	4.250	4.315	3.839	3.870	7194	0	303
2018.12.06	3.871	4.053	3.624	3.658	7479	0	307
2018.12.07	3.666	3.853	3.101	3.774	7763	0	304
2018.12.10	3.736	3.965	3.539	3.779	7000	0	309
2018.12.11	3.684	4.026	3.465	3.639	7072	0	310
2018.12.12	3.638	3.854	3.464	3.771	8467	0	309
2018.12.13	3.771	3.854	3.551	3.732	6427	0	307
2018.12.14	3.733	3.760	3.444	3.495	6168	0	308
2018.12.17	3.447	4.037	3.418	3.883	6283	0	304
2018.12.18	3.883	4.134	3.670	3.995	7085	0	310
2018.12.19	3.996	4.688	3.855	4.138	8355	0	303
2018.12.20	4.139	4.873	4.136	4.463	7494	0	310
2018.12.21	4.454	4.795	4.256	4.370	6730	0	308
2018.12.24	4.660	5.483	4.604	5.028	7763	0	306
2018.12.25	5.028	5.210	4.252	4.437	4746	0	312
2018.12.26	4.436	5.122	4.387	4.919	7011	0	307
2018.12.27	5.127	5.663	4.518	4.583	8260	0	306
2018.12.28	4.757	5.421	4.449	5.223	8549	0	301
2018.12.31	5.247	5.289	4.722	4.739	7974	0	309
2019.01.01	4.905	5.167	4.723	5.101	2772	0	312
2019.01.02	5.104	5.431	4.871	5.411	9829	0	304
2019.01.03	5.412	5.453	4.774	5.015	12385	0	304
2019.01.04	5.019	5.291	4.800	5.010	9569	0	302
2019.01.07	5.400	5.448	4.611	4.770	4909	0	305
2019.01.08	4.758	5.029	4.600	4.826	7375	0	304
2019.01.09	4.827	5.005	4.666	4.884	9275	0	307
2019.01.10	4.885	4.967	3.933	4.100	7795	0	302
2019.01.11	4.100	4.456	4.034	4.313	7527	0	309
2019.01.14	4.075	4.354	3.934	4.140	7224	0	305
2019.01.15	4.285	4.295	3.896	3.999	7861	0	309
2019.01.16	4.000	4.222	3.896	4.103	5502	0	306
2019.01.17	4.103	4.400	4.044	4.360	6808	0	305
2019.01.18	4.359	4.379	4.083	4.214	6100	0	305
2019.01.21	4.101	4.173	4.029	4.070	6919	0	310
2019.01.22	4.071	4.205	3.950	4.096	6852	0	304
2019.01.23	4.096	4.265	4.088	4.110	6611	0	306
2019.01.24	4.172	4.220	4.040	4.100	7640	0	306
2019.01.25	4.199	4.254	4.053	4.212	7075	0	304
2019.01.28	4.062	4.213	3.611	3.665	5904	0	304
2019.01.29	3.665	3.859	3.662	3.787	6276	0	305
2019.01.30	3.746	3.929	3.677	3.816	7600	0	310
2019.01.31	3.879	3.951	3.724	3.827	7083	0	302
2019.02.01	3.828	3.858	3.685	3.778	8171	0	308
2019.02.04	3.735	3.779	3.701	3.742	5271	0	303
2019.02.05	3.743	3.750	3.707	3.734	5591	0	304
2019.02.06	3.709	3.735	3.500	3.614	5247	0	304
2019.02.07	3.615	3.745	3.551	3.689	5643	0	304
2019.02.08	3.690	4.093	3.659	4.002	4844	0	306
2019.02.11	3.900	4.049	3.807	3.864	5865	0	307
2019.02.12	3.861	4.075	3.851	3.963	5339	0	303
2019.02.13	3.964	4.052	3.862	3.948	5324	0	305
2019.02.14	3.992	4.052	3.871	4.027	5945	0	305
2019.02.15	4.028	4.098	3.893	3.904	4847	0	304
2019.02.18	3.976	4.361	3.962	4.263	6787	0	302
2019.02.19	4.262	4.727	4.147	4.418	7044	0	309
2019.02.20	4.418	4.665	4.252	4.407	6566	0	301
2019.02.21	4.407	4.597	4.258	4.326	6188	0	307
2019.02.22	4.325	4.714	4.246	4.554	7215	0	305
2019.02.25	4.115	4.240	3.939	4.045	6089	0	306
2019.02.26	4.046	4.247	4.021	4.155	6664	0	309
2019.02.27	4.155	4.288	3.977	4.069	8399	0	307
2019.02.28	4.069	4.244	4.012	4.119	5812	0	309
2019.03.01	4.118	4.213	4.023	4.108	6048	0	314
2019.03.04	4.135	4.163	3.782	3.974	5111	0	307
2019.03.05	3.973	4.264	3.899	4.133	6037	0	305
2019.03.06	4.132	4.243	4.002	4.169	5789	0	307
2019.03.07	4.169	4.396	4.071	4.206	6403	0	301
2019.03.08	4.290	4.311	4.102	4.120	7422	0	305
2019.03.11	4.164	4.252	4.027	4.111	6559	0	309
2019.03.12	4.112	4.175	3.978	4.112	8906	0	303
2019.03.13	4.173	4.207	4.016	4.109	7304	0	302
2019.03.14	4.109	4.238	4.033	4.130	8646	0	307
2019.03.15	4.136	4.339	4.121	4.295	6877	0	307
2019.03.18	4.343	4.396	4.168	4.289	5712	0	303
2019.03.19	4.289	4.550	4.202	4.384	6106	0	305
2019.03.20	4.468	4.608	4.339	4.490	7323	0	305
2019.03.21	4.489	4.813	4.408	4.657	8234	0	107
2019.03.22	4.657	4.899	4.638	4.728	7695	0	107
2019.03.25	4.682	4.751	4.469	4.469	6590	0	109
2019.03.26	4.470	4.640	4.457	4.540	6579	0	103
2019.03.27	4.462	4.762	4.462	4.704	6708	0	109
2019.03.28	4.653	4.737	4.587	4.654	6287	0	106
2019.03.29	4.658	4.882	4.602	4.801	7515	0	109
2019.04.01	4.719	4.779	4.667	4.668	7235	0	103
2019.04.02	4.667	5.294	4.659	5.217	7434	0	106
2019.04.03	5.197	6.035	5.189	5.961	7268	0	111
2019.04.04	5.893	5.984	5.012	5.205	7678	0	113
2019.04.05	5.205	5.840	5.144	5.637	6072	0	110
2019.04.08	7.522	7.841	6.691	6.992	7882	0	111
2019.04.09	6.992	7.281	6.555	6.949	7768	0	109
2019.04.10	6.952	7.122	6.793	6.909	9007	0	113
2019.04.11	6.826	6.964	5.860	6.158	8392	0	107
2019.04.12	6.098	6.387	5.785	6.239	8153	0	114
2019.04.15	6.149	6.455	5.843	6.066	7990	0	105
2019.04.16	6.066	6.180	5.872	6.075	8616	0	116
2019.04.17	6.077	6.227	5.997	6.105	8802	0	116
2019.04.18	6.105	6.263	6.036	6.122	9414	0	112
2019.04.19	6.122	6.296	6.056	6.106	12830	0	106
2019.04.22	5.666	5.865	5.664	5.842	5546	0	110
2019.04.23	5.839	5.999	5.730	5.917	7266	0	113
2019.04.24	5.858	5.915	5.153	5.406	7569	0	107
2019.04.25	5.409	5.606	5.360	5.487	8579	0	112
2019.04.26	5.487	5.544	5.078	5.413	7629	0	112
2019.04.29	5.573	5.764	5.410	5.749	6668	0	112
2019.04.30	5.748	5.966	5.463	5.894	8925	0	112
2019.05.01	5.892	6.062	5.670	5.852	8336	0	109
2019.05.02	5.853	5.942	5.674	5.717	8399	0	112
2019.05.03	5.855	6.252	5.684	6.150	7892	0	112
2019.05.06	5.838	5.886	5.423	5.860	8389	0	110
2019.05.07	5.861	5.995	5.583	5.763	9109	0	114
2019.05.08	5.763	5.829	5.546	5.733	8977	0	116
2019.05.09	5.736	5.804	5.431	5.487	9041	0	111
2019.05.10	5.487	5.607	5.378	5.554	9220	0	112
2019.05.13	5.702	6.202	5.617	5.936	8612	0	112
2019.05.14	5.936	6.615	5.780	6.215	7266	0	112
2019.05.15	6.215	7.540	6.020	7.317	7658	0	105
2019.05.16	7.172	8.403	6.849	7.357	7384	0	101
2019.05.17	7.358	7.715	6.682	6.768	7748	0	113
2019.05.20	7.574	7.804	6.985	7.286	8279	0	116
2019.05.21	7.279	7.515	7.018	7.373	10030	0	110
2019.05.22	7.373	7.469	6.793	6.959	8569	0	108
2019.05.23	6.948	6.980	6.498	6.895	7835	0	106
2019.05.24	6.896	7.314	6.767	7.314	7872	0	115
2019.05.27	7.404	8.171	7.401	7.720	7814	0	110
2019.05.28	7.671	8.347	7.627	8.063	7445	0	113
2019.05.29	8.025	8.312	7.584	8.146	8456	0	108
2019.05.30	8.166	8.794	7.942	8.126	7947	0	104
2019.05.31	8.125	8.398	7.703	8.369	8104	0	105
2019.06.03	9.297	9.759	8.881	9.387	8068	0	110
2019.06.04	9.229	9.705	7.482	7.750	9685	0	110
2019.06.05	7.750	8.304	7.629	7.833	9741	0	110
2019.06.06	7.931	8.086	7.165	7.586	10440	0	103
2019.06.07	7.472	8.292	7.472	8.035	9130	0	107
2019.06.10	7.923	8.300	7.731	8.022	7496	0	114
2019.06.11	8.022	8.234	7.846	8.124	7948	0	114
2019.06.12	8.041	8.713	7.950	8.323	8943	0	113
2019.06.13	8.322	8.636	8.310	8.530	9473	0	109
2019.06.14	8.530	8.631	7.985	8.247	10366	0	105
2019.06.17	8.564	8.714	8.476	8.677	8441	0	125
2019.06.18	8.633	8.774	8.148	8.210	8239	0	113
2019.06.19	8.210	8.589	8.156	8.377	7586	0	111
2019.06.20	8.376	8.498	8.214	8.399	11353	0	113
2019.06.21	8.461	8.709	8.320	8.496	10952	0	118
2019.06.24	9.330	9.511	8.716	9.013	9131	0	111
2019.06.25	9.011	9.256	8.856	9.011	11399	0	115
2019.06.26	9.011	9.658	8.685	9.235	7127	0	104
2019.06.27	9.087	9.241	7.067	7.588	8587	0	108
2019.06.28	7.570	8.009	7.314	7.768	8639	0	119
2019.07.01	7.847	8.024	7.174	7.523	8768	0	113
2019.07.02	7.449	7.769	7.165	7.621	8560	0	112
2019.07.03	7.621	7.846	7.457	7.630	8073	0	107
2019.07.04	7.630	8.080	7.524	7.823	7713	0	111
2019.07.05	7.827	7.909	7.477	7.741	7867	0	118
2019.07.08	7.786	7.921	7.709	7.785	5912	0	106
2019.07.09	7.787	8.050	7.602	7.757	8292	0	107
2019.07.10	7.757	7.859	6.900	7.164	9934	0	108
2019.07.11	7.038	7.232	6.098	6.458	7371	0	113
2019.07.12	6.458	6.741	6.308	6.708	8041	0	118
2019.07.15	5.702	5.905	5.021	5.575	6955	0	106
2019.07.16	5.582	5.994	5.033	5.411	6773	0	115
2019.07.17	5.413	5.848	5.080	5.565	7070	0	114
2019.07.18	5.564	5.967	5.235	5.953	7959	0	111
2019.07.19	5.953	5.979	5.500	5.724	7276	0	116
2019.07.22	6.027	6.404	6.027	6.299	7506	0	112
2019.07.23	6.166	6.308	5.761	6.057	8055	0	108
2019.07.24	6.038	6.165	5.576	5.963	7369	0	113
2019.07.25	5.965	6.187	5.801	5.923	7760	0	115
2019.07.26	5.923	6.161	5.716	6.149	7066	0	111
2019.07.29	5.750	6.009	5.431	5.789	7322	0	110
2019.07.30	5.787	5.932	5.622	5.866	7956	0	112
2019.07.31	5.866	6.003	5.676	5.972	7250	0	114
2019.08.01	5.861	5.996	5.680	5.892	9605	0	113
2019.08.02	5.785	5.935	5.627	5.776	9062	0	104
2019.08.05	5.898	6.263	5.868	6.041	9416	0	106
2019.08.06	6.163	6.172	5.720	5.728	9159	0	107
2019.08.07	5.855	5.940	5.622	5.861	9888	0	109
2019.08.08	5.861	6.114	5.701	5.773	8434	0	117
2019.08.09	5.774	5.951	5.562	5.612	8465	0	105
2019.08.12	5.678	5.811	5.534	5.726	9459	0	112
2019.08.13	5.629	5.872	5.569	5.752	8932	0	122
2019.08.14	5.752	6.077	5.410	5.592	9869	0	102
2019.08.15	5.456	5.702	5.115	5.563	10307	0	115
2019.08.16	5.477	5.580	5.275	5.457	4464	0	115
2019.08.19	5.452	5.587	5.265	5.385	9006	0	116
2019.08.20	5.385	6.104	5.286	5.878	8127	0	110
2019.08.21	5.878	6.289	5.699	5.786	7924	0	111
2019.08.22	5.895	7.553	5.779	7.169	6960	0	114
2019.08.23	7.168	7.438	6.705	6.711	9855	0	107
2019.08.26	6.957	7.453	6.918	7.080	11225	0	116
2019.08.27	7.080	7.289	6.928	7.119	10774	0	117
2019.08.28	7.132	7.159	6.151	6.253	12166	0	113
2019.08.29	6.253	6.428	5.617	5.884	9870	0	113
2019.08.30	5.782	6.392	5.564	6.254	8830	0	114
2019.09.02	6.054	6.796	6.023	6.663	8109	0	107
2019.09.03	6.661	6.926	6.458	6.675	9513	0	120
2019.09.04	6.673	6.795	6.505	6.613	11603	0	116
2019.09.05	6.613	7.111	6.534	6.739	10204	0	113
2019.09.06	6.736	7.033	6.632	6.751	10441	0	110
2019.09.09	6.408	6.699	6.238	6.389	7145	0	109
2019.09.10	6.390	6.677	6.296	6.430	9165	0	117
2019.09.11	6.430	6.508	5.977	6.084	8787	0	113
2019.09.12	6.083	6.303	6.031	6.227	9572	0	113
2019.09.13	6.130	6.256	5.933	6.059	10179	0	113
2019.09.16	6.072	6.264	5.975	6.164	9428	0	115
2019.09.17	6.166	6.375	5.996	6.255	9647	0	103
2019.09.18	6.255	6.460	6.115	6.331	9869	0	103
2019.09.19	6.231	6.361	5.779	6.114	9320	0	107
2019.09.20	6.043	6.201	5.909	5.938	8496	0	110
2019.09.23	5.816	6.001	5.750	5.888	8007	0	113
2019.09.24	5.881	5.883	4.111	4.481	8836	0	102
2019.09.25	4.481	4.860	4.236	4.759	9607	0	108
2019.09.26	4.758	4.860	4.363	4.621	7980	0	111
2019.09.27	4.522	4.645	4.340	4.538	7520	0	106
2019.09.30	4.360	4.690	4.255	4.598	6821	0	3
2019.10.01	4.598	4.778	4.402	4.562	8250	0	107
2019.10.02	4.563	4.593	4.392	4.416	8415	0	112
2019.10.03	4.417	4.631	4.348	4.365	8857	0	109
2019.10.04	4.364	4.591	4.324	4.553	8264	0	110
2019.10.07	4.337	4.666	4.289	4.498	7263	0	102
2019.10.08	4.500	4.649	4.414	4.415	7593	0	101
2019.10.09	4.414	5.147	4.413	4.951	7446	0	102
2019.10.10	5.043	5.058	4.700	4.868	8851	0	110
2019.10.11	4.868	4.898	4.495	4.652	10997	0	103
2019.10.14	4.547	4.755	4.535	4.606	8342	0	111
2019.10.15	4.606	4.733	4.313	4.473	10751	0	107
2019.10.16	4.339	4.625	4.097	4.325	9867	0	108
2019.10.17	4.326	4.503	4.199	4.298	9029	0	104
2019.10.18	4.297	4.447	4.185	4.262	7416	0	108
2019.10.21	4.356	4.600	4.266	4.499	7652	0	102
2019.10.22	4.400	4.580	4.358	4.458	10054	0	109
2019.10.23	4.461	4.480	3.956	4.153	7948	0	101
2019.10.24	4.045	4.286	4.024	4.247	9902	0	111
2019.10.25	4.246	4.916	4.056	4.687	8190	0	111
2019.10.28	4.607	4.922	4.575	4.721	7641	0	111
2019.10.29	4.630	5.088	4.567	4.842	8429	0	107
2019.10.30	4.842	4.893	4.563	4.588	7475	0	115
2019.10.31	4.588	4.890	4.517	4.621	7968	0	107
2019.11.01	4.621	4.865	4.597	4.826	7543	0	110
2019.11.04	4.692	4.948	4.674	4.885	7003	0	106
2019.11.05	4.884	5.012	4.696	4.854	6702	0	104
2019.11.06	4.853	5.113	4.818	4.968	5185	0	106
2019.11.07	4.968	5.281	4.839	5.106	6335	0	104
2019.11.08	5.106	5.227	4.656	4.928	6099	0	108
2019.11.11	4.892	4.998	4.661	4.844	6155	0	105
2019.11.12	4.844	4.869	4.627	4.825	6963	0	112
2019.11.13	4.711	4.851	4.656	4.773	6697	0	112
2019.11.14	4.665	4.798	4.508	4.550	7023	0	106
2019.11.15	4.551	4.743	4.341	4.491	6898	0	106
2019.11.18	4.475	4.582	4.127	4.346	7141	0	107
2019.11.19	4.348	4.459	4.099	4.182	6210	0	113
2019.11.20	4.181	4.365	4.129	4.154	6495	0	110
2019.11.21	4.154	4.344	3.924	4.069	5987	0	107
2019.11.22	4.070	4.152	3.477	3.862	6601	0	109
2019.11.25	3.642	3.902	3.415	3.756	6201	0	108
2019.11.26	3.756	3.842	3.600	3.793	4542	0	114
2019.11.27	3.793	3.987	3.540	3.876	6084	0	112
2019.11.28	3.882	3.956	3.744	3.907	7214	0	107
2019.11.29	3.805	4.059	3.737	3.989	9911	0	111
2019.12.02	3.766	3.902	3.651	3.679	11262	0	108
2019.12.03	3.779	3.873	3.657	3.680	10440	0	112
2019.12.04	3.680	3.804	3.549	3.673	8798	0	105
2019.12.05	3.673	3.748	3.567	3.629	10775	0	108
2019.12.06	3.628	3.848	3.607	3.824	10056	0	106
2019.12.09	3.750	3.857	3.606	3.639	6770	0	106
2019.12.10	3.632	3.731	3.563	3.588	7021	0	112
2019.12.11	3.592	3.740	3.590	3.707	9267	0	106
2019.12.12	3.709	3.852	3.560	3.819	13474	0	0
2019.12.13	3.819	3.889	3.626	3.682	13949	0	0
2019.12.16	3.812	3.848	3.475	3.683	18805	0	0
2019.12.17	3.682	3.705	3.396	3.467	28352	0	0
2019.12.18	3.467	3.794	3.286	3.739	47585	0	0
2019.12.19	3.740	3.814	3.483	3.746	33885	0	1
2019.12.20	3.746	4.226	3.520	3.913	30423	0	0
2019.12.23	4.181	4.236	3.867	4.017	41129	0	0
2019.12.24	4.018	4.023	3.740	3.933	37585	0	0
2019.12.25	3.752	4.091	3.752	4.037	36829	0	0
2019.12.26	4.037	4.726	3.871	4.464	48832	0	0
2019.12.27	4.465	4.676	4.232	4.255	58693	0	0
2019.12.30	4.469	4.656	4.347	4.426	10367	0	370
2019.12.31	4.426	4.568	4.244	4.278	11395	0	370
2020.01.01	4.273	4.378	4.273	4.342	3395	0	370
2020.01.02	4.344	4.345	3.990	4.074	10676	0	370
2020.01.03	4.074	4.444	3.996	4.357	11989	0	370
2020.01.06	4.671	4.953	4.653	4.734	10419	0	370
2020.01.07	4.734	4.880	4.534	4.637	11751	0	370
2020.01.08	4.640	4.866	4.522	4.745	13759	0	370
2020.01.09	4.745	5.004	4.686	4.863	10785	0	370
2020.01.10	4.863	5.108	4.727	5.020	12594	0	370
2020.01.13	5.249	5.406	5.135	5.256	10886	0	370
2020.01.14	5.254	6.801	5.254	6.321	19426	0	370
2020.01.15	6.325	7.648	6.318	7.349	21142	0	370
2020.01.16	7.349	8.394	7.100	8.130	19649	0	370
2020.01.17	8.130	11.793	7.966	10.003	34545	0	370
2020.01.20	8.188	8.859	7.861	8.652	15903	0	370
2020.01.21	8.644	8.932	8.332	8.746	17795	0	370
2020.01.22	8.746	9.305	8.688	9.046	17225	0	370
2020.01.23	9.046	9.166	7.992	8.246	18941	0	370
2020.01.24	8.247	8.626	7.681	8.459	17868	0	370
2020.01.27	9.002	10.921	8.890	10.374	21760	0	370
2020.01.28	10.374	11.482	10.054	11.020	23135	0	370
2020.01.29	11.006	12.665	10.924	12.100	26142	0	370
2020.01.30	12.115	12.475	11.462	11.975	25559	0	370
2020.01.31	11.968	12.242	10.493	10.945	25034	0	370
2020.02.03	11.393	12.034	11.120	11.445	23820	0	370
2020.02.04	11.445	11.704	10.926	11.196	18816	0	370
2020.02.05	11.190	12.446	11.134	12.220	21681	0	370
2020.02.06	12.220	12.990	10.883	11.727	23100	0	370
2020.02.07	11.728	12.079	11.137	11.394	19379	0	370
2020.02.10	11.346	11.845	11.167	11.629	19958	0	370
2020.02.11	11.628	11.942	11.399	11.789	18101	0	370
2020.02.12	11.790	12.286	11.776	11.993	21365	0	370
2020.02.13	11.992	12.831	11.144	11.647	23342	0	370
2020.02.14	11.647	11.903	11.470	11.759	20674	0	370
2020.02.17	9.253	9.703	8.574	9.433	17440	0	370
2020.02.18	9.421	9.956	9.019	9.581	18217	0	370
2020.02.19	9.584	9.845	8.617	8.684	17545	0	370
2020.02.20	8.689	9.034	8.167	8.739	18763	0	370
2020.02.21	8.739	9.682	8.607	9.204	20129	0	370
2020.02.24	9.472	9.674	8.808	8.997	20334	0	370
2020.02.25	8.997	9.272	8.731	9.198	20467	0	370
2020.02.26	9.199	9.199	7.103	7.424	23491	0	370
2020.02.27	7.421	7.953	7.175	7.549	21415	0	370
2020.02.28	7.551	7.670	7.009	7.304	27336	0	370
2020.03.02	7.482	8.488	7.471	8.407	28630	0	370
2020.03.03	8.409	8.465	7.989	8.199	27675	0	370
2020.03.04	8.200	8.468	7.440	7.759	23100	0	370
2020.03.05	7.762	8.258	7.756	8.020	19748	0	370
2020.03.06	8.019	8.146	7.734	8.015	30179	0	370
2020.03.09	6.660	6.876	6.203	6.601	41384	0	370
2020.03.10	6.602	6.804	6.451	6.668	33022	0	370
2020.03.11	6.668	6.712	5.942	6.276	26284	0	370
2020.03.12	6.276	6.480	4.060	4.317	33295	0	370
2020.03.13	4.316	5.610	3.268	5.124	42850	0	370
2020.03.16	5.066	5.068	3.856	4.213	41965	0	370
2020.03.17	4.212	4.825	4.164	4.535	35572	0	370
2020.03.18	4.536	4.553	4.152	4.407	35306	0	370
2020.03.19	4.406	5.130	4.300	4.980	44117	0	370
2020.03.20	4.981	5.329	4.288	4.668	43321	0	370
2020.03.23	4.564	4.911	4.336	4.736	42464	0	370
2020.03.24	4.737	5.016	4.670	4.864	38997	0	370
2020.03.25	4.864	5.090	4.724	4.732	33140	0	370
2020.03.26	4.733	4.918	4.732	4.870	31915	0	370
2020.03.27	4.871	5.027	4.854	4.925	31825	0	370
2020.03.30	4.719	4.847	4.620	4.827	22570	0	370
2020.03.31	4.827	4.876	4.684	4.780	25357	0	370
2020.04.01	4.781	4.871	4.628	4.758	19796	0	370
2020.04.02	4.758	5.177	4.758	4.904	20665	0	370
2020.04.03	4.906	5.059	4.812	4.885	18172	0	370
2020.04.06	4.845	5.429	4.810	5.335	18788	0	370
2020.04.07	5.331	5.639	5.222	5.236	20768	0	370
2020.04.08	5.237	5.715	5.194	5.627	18521	0	370
2020.04.09	5.626	5.749	5.373	5.646	18801	0	370
2020.04.10	5.646	5.799	4.896	5.088	16199	0	370
2020.04.13	5.246	5.261	4.838	5.024	13725	0	370
2020.04.14	5.024	5.173	4.930	5.057	16961	0	370
2020.04.15	5.059	5.176	4.992	5.058	15736	0	370
2020.04.16	5.059	5.355	4.684	5.307	18031	0	370
2020.04.17	5.307	5.386	5.152	5.215	16548	0	370
2020.04.20	5.338	5.426	4.974	5.104	16400	0	370
2020.04.21	5.108	5.150	4.943	5.034	16625	0	370
2020.04.22	5.037	5.273	4.978	5.206	13795	0	370
2020.04.23	5.207	5.603	5.124	5.542	15478	0	370
2020.04.24	5.543	5.562	5.338	5.426	15421	0	370
2020.04.27	6.017	6.104	5.754	5.855	16552	0	370
2020.04.28	5.855	5.970	5.782	5.898	15883	0	370
2020.04.29	5.897	6.711	5.865	6.634	20548	0	370
2020.04.30	6.634	6.805	6.124	6.356	23829	0	370
2020.05.01	6.355	6.513	6.232	6.412	18400	0	370
2020.05.04	6.999	7.166	6.484	7.090	20936	0	370
2020.05.05	7.089	7.301	6.867	7.006	19989	0	370
2020.05.06	7.007	7.139	6.886	6.909	18013	0	370
2020.05.07	6.908	7.039	6.618	6.920	19246	0	370
2020.05.08	6.921	7.097	6.753	7.051	16213	0	370
2020.05.11	5.983	6.135	5.449	5.819	22658	0	370
2020.05.12	5.820	6.037	5.746	5.926	17671	0	370
2020.05.13	5.922	6.098	5.710	6.014	16571	0	370
2020.05.14	6.016	6.176	5.899	6.075	20601	0	370
2020.05.15	6.076	6.513	5.915	6.258	19480	0	370
2020.05.18	6.515	6.730	6.399	6.487	17454	0	370
2020.05.19	6.488	6.541	6.353	6.438	16426	0	370
2020.05.20	6.439	6.496	6.060	6.255	15255	0	370
2020.05.21	6.255	6.333	5.738	5.916	16712	0	370
2020.05.22	5.914	6.422	5.893	6.337	17828	0	370
2020.05.25	6.516	6.717	6.301	6.630	14991	0	370
2020.05.26	6.630	6.645	6.346	6.537	16070	0	370
2020.05.27	6.539	6.643	6.483	6.529	19375	0	370
2020.05.28	6.529	6.656	6.488	6.598	17380	0	370
2020.05.29	6.597	7.106	6.578	7.006	22841	0	370
2020.06.01	6.989	6.989	6.421	6.863	20642	0	370
2020.06.02	6.865	7.131	6.518	6.751	22538	0	370
2020.06.03	6.752	6.826	6.646	6.729	20925	0	370
2020.06.04	6.731	6.849	6.606	6.723	21874	0	370
2020.06.05	6.724	6.779	6.598	6.665	20985	0	370
2020.06.08	6.618	6.671	6.551	6.630	14616	0	370
2020.06.09	6.630	6.741	6.543	6.594	14186	0	370
2020.06.10	6.594	6.647	6.523	6.600	18729	0	370
2020.06.11	6.600	6.652	5.851	6.098	22191	0	370
2020.06.12	6.098	6.301	6.025	6.208	21703	0	370
2020.06.15	6.158	6.159	5.799	6.101	21794	0	370
2020.06.16	6.101	6.128	5.995	6.046	20658	0	370
2020.06.17	6.045	6.179	5.960	6.049	17452	0	370
2020.06.18	6.049	6.102	5.919	5.942	18085	0	370
2020.06.19	5.941	6.220	5.913	6.212	16621	0	370
2020.06.22	6.019	6.210	6.007	6.193	14097	0	370
2020.06.23	6.192	6.249	6.104	6.226	18924	0	370
2020.06.24	6.226	6.332	5.943	6.016	17000	0	370
2020.06.25	6.016	6.055	5.859	5.979	14281	0	370
2020.06.26	5.980	5.999	5.810	5.877	14563	0	370
2020.06.29	5.553	5.671	5.531	5.629	12209	0	370
2020.06.30	5.629	5.697	5.497	5.541	13661	0	370
2020.07.01	5.541	5.602	5.444	5.536	12153	0	370
2020.07.02	5.534	5.598	5.363	5.433	12887	0	370
2020.07.03	5.436	5.545	5.414	5.494	13045	0	370
2020.07.06	5.415	5.796	5.334	5.795	12552	0	370
2020.07.07	5.795	6.136	5.788	6.058	28538	0	370
2020.07.08	6.059	6.371	5.938	6.292	16714	0	370
2020.07.09	6.294	6.616	6.216	6.413	19752	0	370
2020.07.10	6.412	6.493	6.073	6.169	14845	0	370
2020.07.13	6.214	6.378	6.001	6.108	14819	0	370
2020.07.14	6.109	6.150	5.990	6.085	14711	0	370
2020.07.15	6.085	6.179	6.004	6.031	15255	0	370
2020.07.16	6.031	6.079	5.726	5.825	17273	0	370
2020.07.17	5.828	5.924	5.783	5.831	13017	0	370
2020.07.20	5.917	6.009	5.811	5.874	12916	0	370
2020.07.21	5.875	6.000	5.833	5.969	14395	0	370
2020.07.22	5.970	6.107	5.919	6.101	13399	0	370
2020.07.23	6.106	6.308	6.063	6.260	16006	0	370
2020.07.24	6.260	6.300	6.027	6.181	14960	0	370
2020.07.27	6.419	7.165	6.411	7.050	22548	0	370
2020.07.28	7.050	7.216	6.640	7.135	23937	0	370
2020.07.29	7.139	7.366	6.957	7.153	21114	0	370
2020.07.30	7.154	7.226	6.830	7.206	20117	0	370
2020.07.31	7.206	7.398	7.080	7.202	22354	0	370
2020.08.03	6.938	7.180	6.904	7.029	22884	0	370
2020.08.04	7.028	7.080	6.821	6.921	19999	0	370
2020.08.05	6.920	7.175	6.871	7.112	17520	0	370
2020.08.06	7.111	7.157	6.816	6.975	20162	0	370
2020.08.07	6.978	7.087	6.534	6.757	21265	0	370
2020.08.10	6.736	6.946	6.663	6.828	15994	0	370
2020.08.11	6.829	6.987	6.296	6.397	19765	0	370
2020.08.12	6.396	6.655	6.349	6.546	18363	0	370
2020.08.13	6.547	6.839	6.418	6.584	21171	0	370
2020.08.14	6.588	6.788	6.588	6.677	16565	0	370
2020.08.17	6.948	7.349	6.904	7.263	16819	0	370
2020.08.18	7.262	7.579	6.926	7.192	21441	0	370
2020.08.19	7.192	7.213	6.442	6.608	20402	0	370
2020.08.20	6.607	6.874	6.568	6.766	30830	0	370
2020.08.21	6.899	7.017	6.618	6.650	7611	0	0
2020.08.22	6.650	6.686	6.472	6.668	9850	0	0
2020.08.23	6.668	6.753	6.513	6.701	7932	0	0
2020.08.24	6.701	6.832	6.650	6.788	5334	0	0
2020.08.25	6.788	6.828	6.308	6.313	6999	0	0
2020.08.26	6.313	6.485	6.313	6.426	7231	0	0
2020.08.27	6.427	6.664	6.153	6.186	8403	0	0
2020.08.28	6.183	6.551	6.180	6.452	8718	0	0
2020.08.29	6.447	6.572	6.411	6.542	7275	0	0
2020.08.30	6.543	6.566	6.347	6.501	9201	0	0
2020.08.31	6.502	6.678	6.454	6.514	7285	0	0
2020.09.01	6.504	6.688	6.437	6.617	8070	0	0
2020.09.02	6.617	6.715	6.010	6.183	9914	0	0
2020.09.03	6.180	6.255	5.613	5.754	9039	0	0
2020.09.04	5.755	5.764	4.519	5.198	9680	0	0
2020.09.05	5.198	5.323	4.788	4.914	10265	0	0
2020.09.06	4.904	5.163	4.829	5.118	8415	0	0
2020.09.07	5.118	5.134	4.787	4.971	8099	0	0
2020.09.08	4.971	5.118	4.867	4.937	8309	0	0
2020.09.09	4.938	5.075	4.873	5.032	7436	0	0
2020.09.10	5.032	5.149	4.949	5.091	9340	0	0
2020.09.11	5.091	5.139	4.995	5.098	7318	0	0
2020.09.12	5.099	5.172	5.031	5.137	7014	0	0
2020.09.13	5.137	5.258	4.890	4.929	7386	0	0
2020.09.14	4.930	5.117	4.925	5.066	6317	0	0
2020.09.15	5.061	5.223	5.006	5.101	7160	0	0
2020.09.16	5.088	5.108	4.946	5.021	5828	0	0
2020.09.17	5.021	5.126	5.003	5.123	4673	0	0
2020.09.18	5.123	5.133	4.995	5.084	4666	0	0
2020.09.19	5.081	5.132	5.055	5.129	3588	0	0
2020.09.20	5.128	5.142	4.961	4.970	4419	0	0
2020.09.21	4.986	5.055	4.518	4.767	6401	0	0
2020.09.22	4.762	4.920	4.679	4.882	4037	0	0
2020.09.23	4.882	4.924	4.680	4.753	2972	0	0
2020.09.24	4.783	4.930	4.706	4.869	7609	0	0
2020.09.25	4.870	4.923	4.794	4.891	4935	0	0
2020.09.26	4.891	5.331	4.865	5.303	4824	0	0
2020.09.27	5.306	5.676	5.229	5.318	4183	0	0
2020.09.28	5.306	5.519	5.294	5.428	5810	0	0
2020.09.29	5.428	5.458	5.260	5.301	4309	0	0
2020.09.30	5.301	5.364	5.193	5.328	6336	0	0
2020.10.01	5.329	5.413	5.114	5.202	5152	0	0
2020.10.02	5.171	5.292	4.965	5.122	5876	0	0
2020.10.03	5.122	5.144	5.027	5.112	3461	0	0
2020.10.04	5.113	5.133	5.032	5.115	6005	0	0
2020.10.05	5.116	5.138	5.039	5.061	4611	0	0
2020.10.06	5.072	5.251	5.026	5.163	6732	0	0
2020.10.07	5.163	5.188	5.090	5.107	5619	0	0
2020.10.08	5.107	5.188	5.081	5.150	5127	0	0
2020.10.09	5.150	5.245	5.112	5.182	4977	0	0
2020.10.10	5.182	5.376	5.182	5.265	9039	0	0
2020.10.11	5.265	5.365	5.212	5.316	9446	0	0
2020.10.12	5.316	5.457	5.263	5.420	8256	0	0
2020.10.13	5.407	5.440	5.209	5.231	7147	0	0
2020.10.14	5.231	5.349	5.209	5.275	8995	0	0
2020.10.15	5.276	5.346	5.224	5.295	6936	0	0
2020.10.16	5.295	5.335	5.105	5.140	8525	0	0
2020.10.17	5.141	5.236	5.090	5.194	6282	0	0
2020.10.18	5.170	5.269	5.118	5.233	5123	0	0
2020.10.19	5.233	5.266	5.131	5.211	7492	0	0
2020.10.20	5.201	5.241	5.060	5.094	6906	0	0
2020.10.21	5.088	5.363	5.065	5.273	8601	0	0
2020.10.22	5.273	5.652	5.249	5.613	6347	0	0
2020.10.23	5.597	5.633	5.332	5.447	9082	0	0
2020.10.24	5.447	5.517	5.382	5.499	9891	0	0
2020.10.25	5.498	5.548	5.373	5.502	6742	0	0
2020.10.26	5.503	5.558	5.331	5.393	10021	0	0
2020.10.27	5.393	5.518	5.343	5.367	7279	0	0
2020.10.28	5.367	5.510	5.217	5.228	9670	0	0
2020.10.29	5.229	5.412	5.217	5.363	10793	0	0
2020.10.30	5.364	5.391	5.122	5.243	12008	0	0
2020.11.02	5.161	5.199	4.872	4.938	5374	0	109
2020.11.03	4.947	4.964	4.634	4.776	5534	0	111
2020.11.04	4.776	4.884	4.617	4.835	4661	0	101
2020.11.05	4.833	5.031	4.768	4.946	2976	0	111
2020.11.06	4.946	5.338	4.903	5.222	5359	0	104
2020.11.09	5.046	5.125	4.825	4.952	6979	0	106
2020.11.10	4.954	5.107	4.902	5.052	9676	0	106
2020.11.11	5.052	5.098	4.993	5.024	6148	0	111
2020.11.12	5.024	5.051	4.873	4.932	5824	0	106
2020.11.13	4.933	5.050	4.891	5.000	6102	0	102
2020.11.16	4.883	5.324	4.860	5.182	6233	0	105
2020.11.17	5.182	5.795	5.141	5.596	7887	0	103
2020.11.18	5.597	6.173	5.192	6.034	8467	0	110
2020.11.19	6.011	6.046	5.657	5.864	9139	0	112
2020.11.20	5.864	5.980	5.747	5.928	7911	0	112
2020.11.23	6.141	6.386	5.914	6.321	5378	0	109
2020.11.24	6.321	7.300	6.321	6.993	7865	0	101
2020.11.25	6.983	7.807	6.879	7.064	9898	0	103
2020.11.26	7.064	7.116	5.581	5.914	11039	0	102
2020.11.27	5.914	6.381	5.817	6.111	9909	0	104
2020.11.30	6.322	6.691	6.243	6.582	6229	0	106
2020.12.01	6.582	6.893	5.958	6.186	8217	0	110
2020.12.02	6.186	6.295	5.976	6.171	9416	0	103
2020.12.03	6.172	6.499	6.098	6.455	9141	0	111
2020.12.04	6.451	6.533	6.015	6.049	9093	0	113
2020.12.07	6.046	6.125	5.991	6.031	1611	0	105
2020.12.08	6.031	6.075	5.708	5.766	4965	0	104
2020.12.09	5.766	6.121	5.553	6.075	7772	0	108
2020.12.10	6.075	6.076	5.735	5.866	6634	0	101
2020.12.11	5.866	5.894	5.644	5.804	6046	0	109
2020.12.14	6.088	6.088	5.875	5.924	7237	0	110
2020.12.15	5.924	6.055	5.855	6.013	8130	0	103
2020.12.16	6.014	6.329	5.885	6.269	7453	0	108
2020.12.17	6.270	6.721	6.228	6.371	9319	0	101
2020.12.18	6.373	6.532	6.209	6.254	7282	0	106
2020.12.21	6.477	6.852	6.020	6.132	6159	0	107
2020.12.22	6.133	6.162	5.769	5.942	5554	0	109
2020.12.23	5.944	6.088	5.147	5.287	6145	0	108
2020.12.24	5.287	5.519	4.934	5.469	5872	0	102
2020.12.25	5.470	5.795	5.394	5.579	4218	0	111
2020.12.28	5.731	6.108	5.671	5.876	7271	0	108
2020.12.29	5.867	5.956	5.411	5.581	9311	0	108
2020.12.30	5.582	5.725	5.508	5.577	9317	0	106
2020.12.31	5.577	5.728	5.471	5.587	9889	0	110
2021.01.04	6.225	7.501	6.083	6.714	10301	0	101
2021.01.05	6.715	7.293	6.579	7.006	9637	0	108
2021.01.06	7.008	7.642	6.811	7.437	9932	0	102
2021.01.07	7.438	7.617	6.944	7.193	8674	0	103
2021.01.08	7.194	7.230	6.593	6.690	8810	0	104
2021.01.11	9.088	9.095	6.623	7.008	9097	0	101
2021.01.12	6.977	7.717	6.977	7.210	5283	0	105
2021.01.13	7.211	7.757	6.959	7.728	8574	0	101
2021.01.14	7.729	8.012	7.435	7.524	9637	0	111
2021.01.15	7.527	7.930	7.224	7.427	9858	0	102
2021.01.18	7.728	7.825	7.447	7.540	7085	0	112
2021.01.19	7.540	8.361	7.540	7.905	6929	0	101
2021.01.20	7.899	8.001	7.370	7.659	4358	0	105
2021.01.21	7.661	8.093	7.189	7.305	5207	0	115
2021.01.22	7.308	7.419	6.654	7.357	3747	0	108
2021.01.25	7.466	7.890	7.306	7.407	5007	0	114
2021.01.26	7.407	7.526	7.039	7.333	3762	0	107
2021.01.27	7.317	7.391	6.626	6.894	5519	0	105
2021.01.28	6.898	8.332	6.746	7.666	5264	0	108
2021.01.29	7.666	7.890	7.341	7.554	5365	0	104
2021.02.01	7.319	7.591	7.239	7.418	3035	0	108
2021.02.02	7.418	7.733	7.370	7.717	2857	0	112
2021.02.03	7.717	7.918	7.622	7.804	3275	0	104
2021.02.04	7.806	8.006	7.501	7.653	3575	0	104
2021.02.05	7.653	8.413	7.511	8.413	3983	0	104
2021.02.08	8.151	8.595	8.045	8.538	6932	0	106
2021.02.09	8.538	9.889	8.503	9.640	12392	0	101
2021.02.10	9.629	11.353	9.468	10.355	14204	0	102
2021.02.11	10.356	11.590	10.173	11.286	12728	0	104
2021.02.12	11.290	12.185	11.045	11.713	12814	0	110
2021.02.15	16.158	16.567	13.279	14.702	12779	0	104
2021.02.16	14.702	15.438	13.705	13.926	9930	0	102
2021.02.17	13.926	15.612	13.668	15.051	13428	0	102
2021.02.18	15.052	15.649	14.567	15.016	15084	0	101
2021.02.19	15.017	15.846	14.365	15.300	12270	0	107
2021.02.22	15.355	15.670	11.710	13.885	18366	0	102
2021.02.23	13.885	14.045	9.974	10.900	19714	0	103
2021.02.24	10.900	12.423	10.508	11.460	13451	0	120
2021.02.25	11.458	12.119	11.215	11.270	18886	0	105
2021.02.26	11.263	11.365	9.991	10.457	15828	0	106
2021.03.01	10.250	11.085	10.119	10.781	14285	0	102
2021.03.02	10.781	11.376	10.461	10.674	16593	0	102
2021.03.03	10.674	11.606	10.639	11.302	14109	0	108
2021.03.04	11.302	11.637	10.641	10.765	16300	0	110
2021.03.05	10.766	11.004	10.176	10.946	14005	0	106
2021.03.08	11.024	11.844	10.738	11.389	85582	0	137
2021.03.09	11.390	12.518	11.363	12.056	89460	0	276
2021.03.10	12.058	12.627	11.521	11.957	95650	0	273
2021.03.11	11.957	12.434	11.564	12.069	95348	0	271
2021.03.12	12.073	12.402	11.259	11.779	118027	0	266
